{
  "strategy": "momentum_rebalance",
  "config": "strategies/momentum_rebalance/config_phase_8a_local.yaml",
  "provider": "parquet",
  "flag_path": "entry.moc_signal_lag_days",
  "legacy": {
    "value": 0,
    "elapsed_sec": 0.1,
    "summary": {
      "cagr": 0.12125941508190774,
      "total_return": 0.2570257134923588,
      "max_drawdown": -0.09041040668167451,
      "calmar_ratio": 1.341210813361888,
      "sharpe_ratio": 1.4147651541942672,
      "total_trades": 157,
      "win_rate": 0.6178
    }
  },
  "honest": {
    "value": 1,
    "elapsed_sec": 0.1,
    "summary": {
      "cagr": 0.06589695558247777,
      "total_return": 0.13603707111181884,
      "max_drawdown": -0.13138665118915024,
      "calmar_ratio": 0.5015498529421341,
      "sharpe_ratio": 0.5491632076397721,
      "total_trades": 154,
      "win_rate": 0.5844
    }
  }
}